<PAMDataset>
  <Metadata>
    <MDI key="DataType">Generic</MDI>
  </Metadata>
  <PAMRasterBand band="1">
    <Histograms>
      <HistItem>
        <HistMin>893.0294189453125</HistMin>
        <HistMax>1074.917358398438</HistMax>
        <BucketCount>256</BucketCount>
        <IncludeOutOfRange>1</IncludeOutOfRange>
        <Approximate>0</Approximate>
        <HistCounts>1|0|0|3|3|0|2|2|3|6|1|4|3|2|9|4|9|6|3|8|4|5|6|7|9|9|9|14|11|12|10|14|12|19|15|14|23|11|20|20|19|18|24|13|22|25|17|26|17|33|19|17|23|25|17|31|26|20|30|30|25|23|27|26|39|30|33|26|37|34|29|35|31|39|24|39|37|35|35|31|33|28|32|39|32|27|37|33|32|31|36|30|33|33|34|29|27|40|33|37|40|26|36|39|26|27|24|26|29|25|17|24|24|19|20|18|22|9|26|19|20|25|17|15|23|18|19|23|15|14|28|16|19|18|23|12|22|20|22|13|22|17|24|20|18|11|28|16|14|19|19|19|13|23|14|15|17|11|20|14|11|19|15|17|17|15|22|18|16|11|12|11|10|12|10|13|13|9|10|15|10|13|12|11|15|10|10|8|5|10|4|3|6|4|7|1|8|2|3|7|1|5|4|2|6|3|1|6|1|3|4|3|3|3|1|5|3|2|2|4|2|3|3|3|3|2|2|3|0|3|3|3|3|3|2|2|2|2|3|2|0|2|2|2|1|0|1|1|0|1|0|0|1|0|1|1</HistCounts>
      </HistItem>
    </Histograms>
    <Metadata>
      <MDI key="RepresentationType">ATHEMATIC</MDI>
      <MDI key="STATISTICS_COVARIANCES">1197.157931817621</MDI>
      <MDI key="STATISTICS_EXCLUDEDVALUES"></MDI>
      <MDI key="STATISTICS_MAXIMUM">1074.9173583984</MDI>
      <MDI key="STATISTICS_MEAN">966.28238275333</MDI>
      <MDI key="STATISTICS_MINIMUM">893.02941894531</MDI>
      <MDI key="STATISTICS_SKIPFACTORX">1</MDI>
      <MDI key="STATISTICS_SKIPFACTORY">1</MDI>
      <MDI key="STATISTICS_STDDEV">34.599970112958</MDI>
    </Metadata>
  </PAMRasterBand>
</PAMDataset>
