<PAMDataset>
  <Metadata>
    <MDI key="DataType">Generic</MDI>
  </Metadata>
  <PAMRasterBand band="1">
    <Histograms>
      <HistItem>
        <HistMin>350.7799987792969</HistMin>
        <HistMax>1216.849975585938</HistMax>
        <BucketCount>256</BucketCount>
        <IncludeOutOfRange>1</IncludeOutOfRange>
        <Approximate>0</Approximate>
        <HistCounts>1|0|0|0|0|0|0|0|0|0|0|0|0|0|0|0|0|0|0|0|0|0|0|0|0|0|0|0|0|0|0|0|0|0|0|1|0|0|0|0|0|0|0|0|0|0|0|0|1|1|0|0|0|0|0|0|0|0|0|0|0|0|0|0|0|0|1|0|0|1|0|0|0|0|0|1|0|1|0|1|0|0|0|0|0|0|1|0|0|0|0|0|0|0|0|0|0|1|0|0|0|0|0|0|0|0|0|0|1|1|0|1|0|0|0|0|0|0|0|0|0|0|0|1|2|0|0|1|0|0|1|2|4|8|8|9|15|17|20|17|22|20|29|24|19|24|22|45|83|112|156|316|263|377|359|406|378|404|380|368|390|387|361|342|298|289|280|279|269|271|258|268|253|246|221|214|218|229|237|276|319|344|380|396|417|415|446|493|536|549|573|544|519|507|539|575|570|533|531|525|551|480|476|476|497|511|525|517|483|485|453|435|454|458|526|586|645|617|554|545|554|532|496|473|439|451|413|377|389|354|335|333|307|306|287|265|246|246|240|248|209|204|183|158|154|126|125|106|82|81|67|60|57|31|25|1</HistCounts>
      </HistItem>
    </Histograms>
    <Metadata>
      <MDI key="RepresentationType">ATHEMATIC</MDI>
      <MDI key="STATISTICS_COVARIANCES">7858.227746901518</MDI>
      <MDI key="STATISTICS_EXCLUDEDVALUES"></MDI>
      <MDI key="STATISTICS_MAXIMUM">1216.8499755859</MDI>
      <MDI key="STATISTICS_MEAN">1025.1792788547</MDI>
      <MDI key="STATISTICS_MINIMUM">350.7799987793</MDI>
      <MDI key="STATISTICS_SKIPFACTORX">1</MDI>
      <MDI key="STATISTICS_SKIPFACTORY">1</MDI>
      <MDI key="STATISTICS_STDDEV">88.646645435129</MDI>
    </Metadata>
  </PAMRasterBand>
</PAMDataset>
