<PAMDataset>
  <Metadata>
    <MDI key="DataType">Generic</MDI>
  </Metadata>
  <PAMRasterBand band="1">
    <Histograms>
      <HistItem>
        <HistMin>313.2981262207031</HistMin>
        <HistMax>362.7801208496094</HistMax>
        <BucketCount>256</BucketCount>
        <IncludeOutOfRange>1</IncludeOutOfRange>
        <Approximate>0</Approximate>
        <HistCounts>2|3|7|8|10|8|9|10|3|9|11|5|7|11|14|12|14|17|18|14|18|14|10|17|21|17|22|20|26|20|11|29|14|22|20|23|22|30|20|22|23|37|28|32|23|31|29|27|31|28|44|25|28|35|35|44|40|45|43|49|41|45|39|43|45|55|49|56|48|58|52|44|43|55|55|52|53|61|53|51|50|63|59|53|60|62|68|53|63|51|51|53|63|65|38|61|45|60|45|37|59|48|49|53|46|49|57|48|51|36|52|48|53|47|40|57|53|36|45|45|49|38|43|56|41|34|47|51|49|45|51|53|44|54|41|50|44|41|44|52|47|39|46|42|34|48|59|37|46|31|36|44|48|42|41|37|41|34|38|41|36|41|47|36|44|44|32|43|46|43|42|41|38|37|49|44|33|45|32|43|38|36|28|38|37|39|42|27|40|26|40|32|38|38|27|29|46|33|41|35|34|40|42|46|40|41|40|47|38|43|44|48|41|54|47|53|39|51|48|40|42|26|29|28|23|26|27|21|26|14|9|15|7|11|14|8|7|8|10|8|6|7|9|7|8|9|5|4|8|2|6|6|2|10|4|1</HistCounts>
      </HistItem>
    </Histograms>
    <Metadata>
      <MDI key="RepresentationType">ATHEMATIC</MDI>
      <MDI key="STATISTICS_COVARIANCES">131.5420370915535</MDI>
      <MDI key="STATISTICS_EXCLUDEDVALUES"></MDI>
      <MDI key="STATISTICS_MAXIMUM">362.78012084961</MDI>
      <MDI key="STATISTICS_MEAN">337.84645746156</MDI>
      <MDI key="STATISTICS_MINIMUM">313.2981262207</MDI>
      <MDI key="STATISTICS_SKIPFACTORX">1</MDI>
      <MDI key="STATISTICS_SKIPFACTORY">1</MDI>
      <MDI key="STATISTICS_STDDEV">11.469177699014</MDI>
    </Metadata>
  </PAMRasterBand>
</PAMDataset>
